{
  "c_values": [
    1,
    2,
    3,
    4,
    5,
    6,
    7,
    8,
    9,
    10
  ],
  "avg_jfi": [
    0.9999990693479187,
    0.9999860115168999,
    0.9983412410896313,
    0.9988334200023368,
    0.8394228353296921,
    0.9994596488946826,
    0.9993566732734561,
    0.9999988606292414,
    0.8607437645113528,
    0.9996822801840581
  ]
}