{
  "c_values": [
    1,
    2,
    3,
    4,
    5,
    6,
    7,
    8,
    9,
    10
  ],
  "avg_jfi": [
    0.9994414279114262,
    0.9998945681863248,
    0.9998270435796882,
    0.9997290761480394,
    0.9996948957118974,
    0.9997297785438306,
    0.9999019102408038,
    0.9994997709835967,
    0.9918196788970399,
    0.9999605256720678
  ]
}