{
  "c_values": [
    1,
    2,
    3,
    4,
    5,
    6,
    7,
    8,
    9,
    10
  ],
  "avg_jfi": [
    0.9996690377326644,
    0.9998562440732431,
    0.9999833786897441,
    0.9998136385092131,
    0.9999144818531251,
    0.9987909474505128,
    0.9998139033721787,
    0.9997248509001786,
    0.9974243091568474,
    0.9992895105112173
  ]
}