{
  "c_values": [
    1,
    2,
    3,
    4,
    5,
    6,
    7,
    8,
    9,
    10
  ],
  "avg_jfi": [
    0.9973088619647079,
    0.9967617418992203,
    0.9947413520509887,
    0.9999990276833541,
    0.9999984872998118,
    0.966607811983324,
    0.9493990566903461,
    0.9968127625935376,
    0.9879742770429987,
    0.9481428894696684
  ]
}