{
  "c_values": [
    1,
    2,
    3,
    4,
    5,
    6,
    7,
    8,
    9,
    10
  ],
  "avg_jfi": [
    0.9999581614597662,
    0.9973283313996507,
    0.9998228552893262,
    0.9999201176746313,
    0.9998961050892904,
    0.9993479375277253,
    0.9986743305970799,
    0.9991078051485881,
    0.9993653193911936,
    0.9997670685429326
  ]
}