{
  "c_values": [
    1,
    2,
    3,
    4,
    5,
    6,
    7,
    8,
    9,
    10
  ],
  "avg_jfi": [
    0.9998988990035887,
    0.9998101952468601,
    0.9997220437389356,
    0.9999791853993182,
    0.9989967438351182,
    0.9988260013840033,
    0.9998149688669045,
    0.9995633163868912,
    0.9994362828366076,
    0.9971033818458266
  ]
}